slot,max_bid,max_bid_relay,mev_reward,mev_reward_relay,proposer_index,is_rocketpool,node_address,in_smoothing_pool,correct_fee_recipient,priority_fees,avg_fee,eth_collat_ratio,is_vanilla,reth_portion,proxy_max_bid
5000456,,,,,400489.0,True,0x5eBAD7af6c03f00D5CECA00a80AFD1926fD29e9c,False,True,0.06590933683397943,0.15,2.0,True,0.425,0.28408719332833937
5000583,,,,,266692.0,True,0x313674b062Fd777a947440CC53d2Cd04825DC920,True,True,0.02051072028478937,0.11116070062840253,4.0,True,0.666629474528698,0.10839085333706149
5001244,,,,,296836.0,True,0x7aE831e8EF607eaD2634Ec1E9bCb95bB1f6Ff411,False,True,0.05163239618675144,0.18474822918184175,2.0,True,0.4076258854090791,0.07963530282413163
5001952,,,,,417809.0,True,0x08f5DB7653072c185023cBbaa277469Ac079B457,False,True,0.02155332091479902,0.15,2.0,True,0.425,0.07605510885365069
5002018,,,,,316310.0,True,0xDb122799F0b6b3d3aD388eBd80dF259b8273C1Ec,False,True,0.08352995527027787,0.15,2.0,True,0.425,0.055529066919083436
5002307,,,,,277388.0,True,0x5e624FAEDc7AA381b574c3C2fF1731677Dd2ee1d,True,True,0.002789408212025427,0.15,2.4,True,0.49583333333333324,0.06959470618386958
5002507,,,,,276296.0,True,0x01B984Ec0d745Ebd1001768E8f791B7C60df82DF,False,True,0.002259941294333212,0.15,2.0,True,0.425,0.07714954753198011
5003732,,,,,435227.0,True,0xCde1fe0664Cad959106c6e562bf3F3625cbd5b44,True,True,0.04509797647877255,0.15,2.0,True,0.425,0.11742581589477136
5003739,,,,,440364.0,True,0xE0878Ff2a29a0460C6d66C35F4215E7e5aD49388,True,True,0.06267345250021036,0.15,4.0,True,0.6375,0.05771124498740722
5005575,,,,,268398.0,True,0x9Fe9FfbfD57ab78D4d01973482258bfC4BB70bE3,True,True,0.00984944732438912,0.1601122328793886,2.0,True,0.4199438835603057,0.05606446871903037
5006012,,,,,393432.0,True,0x2B6272Da4872C8727C3577dEB0e77bADf6a61636,False,True,0.006092230508340666,0.15,2.0,True,0.425,0.07193601407807544
5006025,,,,,291063.0,True,0x1405499CC97b190bFefada75B68bdc7bbddde298,True,True,0.06930391147050045,0.15,2.0,True,0.425,0.0934816035207251
5006093,,,,,413593.0,True,0x17c2d539672708003daCE910453bd51E796553b4,False,True,0.00343692776120065,0.15,2.0,True,0.425,0.06033791557603032
5006583,,,,,268342.0,True,0x6CE82a2FEB8baB345D14f7a955d2daaE4fF9d83F,True,True,0.004406399627940918,0.19421877595460377,2.0,True,0.4028906120226981,0.21829811196546461
5006986,,,,,373104.0,True,0x16f5efdfD8baB94599D21b779e1a83992e876cd4,False,True,0.003467894714735424,0.15,2.0,True,0.425,0.08387724489496036
5007221,,,,,434797.0,True,0xF55Cd5C506783621806B0F70bbdbD0573E525909,True,True,0.014608749284133127,0.15,2.0,True,0.425,0.30667496169012554
5007268,,,,,265939.0,True,0x379ba0676c80e90E69Ed88fB917754Cd40c8bd61,False,True,0.006146967281942204,0.15,2.0,True,0.425,0.10980274790997346
5009746,,,,,439927.0,True,0x65650290475eC4A6924E3C3145215492C25F74E4,False,True,0.03596990580924525,0.15,2.0,True,0.425,0.04721654808654365
5010075,,,,,437621.0,True,0x8dEA24025cF3080FE46af8511c1Be871302B2d63,False,True,0.03529860605437245,0.15,2.0,True,0.425,0.1159775865441196
5010629,,,,,436172.0,True,0xF3a88FAE6Ffe731015FB53fB2fa193c9177f87E3,False,True,0.09943129963666592,0.15,2.0,True,0.425,0.050623060780594316
5010729,,,,,262580.0,True,0x700b658c2BC81EAa68d91aa0a026c5a1F8B73Dc6,False,True,0.05891936828854144,0.15,2.0,True,0.425,0.05013613865500328
5011865,,,,,299528.0,True,0x1De3626d6fc2d7c14AF8020B5E8A0c3371D9195D,False,False,0.0370047001251942,0.15,2.0,True,0.425,0.13356694095386323
5012003,,,,,275233.0,True,0xB984b9492b80325e09E7ddAd1b52Ac49d5808e9E,False,True,0.02189443968812761,0.15,2.0,True,0.425,0.06808868300342392
5012936,,,,,260745.0,True,0x3d91Af11eaA234daF1FF1059C50e5d07d0465505,False,True,0.008129177411509172,0.0888843681729108,2.0,True,0.4555578159135446,0.07799359293471288
5014350,,,,,437631.0,True,0x8dEA24025cF3080FE46af8511c1Be871302B2d63,False,True,0.06666440926632772,0.15,2.0,True,0.425,0.0798602940884921
5014581,,,,,293232.0,True,0x3809e3E5b683949f9f8a87EA1525e415A64e78D7,False,True,0.037857851881246705,0.15,2.0,True,0.425,0.06785100059491032
5015133,,,,,264526.0,True,0x2473236056A6faE808C6c31B7E9EE097E003A1FB,False,True,0.050761153987277506,0.15,2.0,True,0.425,0.047633924856633036
5015164,,,,,395048.0,True,0x72AF33db968A476f7f51Ba0F28c1868A8F2b6E4a,True,True,0.002909882691321953,0.15,2.0,True,0.425,0.07100488710936667
5015440,,,,,400489.0,True,0x5eBAD7af6c03f00D5CECA00a80AFD1926fD29e9c,False,True,0.024334380792754365,0.15,2.0,True,0.425,0.04576226728081733
5016092,,,,,283189.0,True,0xF35232a826eE477e307b9998456b911Bad9509c1,True,True,0.010766147889426873,0.15,2.0,True,0.425,0.044093113416336885
5016234,,,,,315343.0,True,0xeF5fadC9904E27c7f8679965C3eF537096e5FF53,True,True,0.011184955241059835,0.15,2.0,True,0.425,0.056330158540568144
5016787,,,,,442320.0,True,0xB366dd28bE7449450b8443a384227b87A8DdB0da,False,True,0.010209897721032006,0.15,2.0,True,0.425,0.07104842541700494
5018168,,,,,260555.0,True,0x5Bd353C49fe776b9Bd0661c1D86ADe344d88D416,True,True,0.026615397626897144,0.14434353539158057,4.0,True,0.6417423484563146,0.05202680191333531
5018184,,,,,278456.0,True,0xC7176561400a05A4480C696e7718eEF42C5F4e06,True,True,0.02805973865801338,0.15,2.0,True,0.425,0.043425380766916044
5018609,,,,,292379.0,True,0x1De3626d6fc2d7c14AF8020B5E8A0c3371D9195D,False,False,0.05320281130084515,0.15,4.0,True,0.6375,0.25175528396838104
5018661,,,,,260924.0,True,0xf94860Ea703aeBc00de50F3433Dd2F9306c72CA3,True,True,0.045090000495601135,0.15,4.0,True,0.6375,0.07255621012102767
5018784,,,,,273851.0,True,0x9Fe9FfbfD57ab78D4d01973482258bfC4BB70bE3,True,True,0.00691842000824186,0.1601122328793886,2.6666666666666665,True,0.5249298544503821,0.07403113192288209
5019346,,,,,269262.0,True,0x7f52ADd1899886153A53B2b7A84A49417aCD4BEC,False,True,0.046760835313588094,0.15,2.0,True,0.425,0.12610811940500666
5019495,,,,,303018.0,True,0x1De3626d6fc2d7c14AF8020B5E8A0c3371D9195D,False,False,0.03997722178418899,0.15,4.0,True,0.6375,0.3069842626105562
5019984,,,,,432104.0,True,0x53829Cc7E582F5D9945d1bfC0e2Ed8B271202592,True,True,0.022436931144153193,0.15,2.285714285714286,True,0.47812499999999997,0.11379400876482336
5020257,,,,,263519.0,True,0x751683968FD078341C48B90bC657d6bAbc2339F7,True,True,0.020106293153984392,0.15789473684210525,2.0,True,0.42105263157894735,0.11267785820235496
5022898,,,,,274585.0,True,0x7f52ADd1899886153A53B2b7A84A49417aCD4BEC,False,True,0.02767636684313724,0.15,2.0,True,0.425,0.11722189732514772
5023437,,,,,292652.0,True,0xc2E11bA3A515240Fc4D0f4a86B8BB79dF26f9F8c,False,True,0.015665579653125348,0.18263953109352302,2.0,True,0.4086802344532385,0.1536075090794654
5023489,,,,,314859.0,True,0x4F88B7c5d88947155A31E18c3D57483Af9f2eA6F,False,True,0.0008066372623024,0.15,2.0,True,0.425,0.05034193141911385
5023749,,,,,415220.0,True,0xA9c8550BffD4bD11c09da4a807dCC3B87C71B481,True,True,0.02192801972951053,0.15,2.0,True,0.425,0.03569077799608108
5025235,,,,,405535.0,True,0x9ab595091a172BB176E361874704AF2e9a35E966,False,True,0.027419248328533433,0.15,2.0,True,0.425,0.058533012254819064
5025818,,,,,263391.0,True,0x63a7405cfa7103Df9D13f5E3243a316c8cB14c84,False,True,0.02924365242751508,0.1485190318140883,2.0,True,0.42574048409295584,0.08056633666752638
5026317,,,,,261271.0,True,0x29a954e4B56151C5335500fefE570F81E817B38A,False,True,0.004435723007355878,0.15,2.0,True,0.425,0.04849973250348431
5027308,,,,,442544.0,True,0x53829Cc7E582F5D9945d1bfC0e2Ed8B271202592,True,True,0.019556742201324816,0.15,2.0,True,0.425,0.05538783248315616
5027919,,,,,292705.0,True,0x1De3626d6fc2d7c14AF8020B5E8A0c3371D9195D,False,False,0.04603655294454525,0.15,2.0,True,0.425,0.10235257098801202
5028183,,,,,401892.0,True,0xc992a9F75Fc162B91a481EEf9aeC47465218C91A,True,True,0.007411914462424503,0.15,2.0,True,0.425,0.07143918784484735
5029064,,,,,393437.0,True,0x2B6272Da4872C8727C3577dEB0e77bADf6a61636,False,True,0.02562216739868474,0.15,2.0,True,0.425,0.09317539033704525
5030565,,,,,260597.0,True,0x72eD84c5232a8e0bF88aFF101dd9C3fE30fB1AF1,False,True,0.05895889460763836,0.15,2.0,True,0.425,0.07488179595941387
5031074,,,,,263696.0,True,0x78a47e8041f0F34b52dDfD55ed0d4Fc8c0435995,True,False,0.05781193908700308,0.15,2.0,True,0.425,0.04439495572354475
5031076,,,,,267845.0,True,0x653F988d71e67c7a035098D75449c0A5278F62A8,True,False,0.03674592610728173,0.15,2.0,True,0.425,0.04439495572354475
5032088,,,,,294933.0,True,0x7B94aEBCFb9A0cA4A461cEaca7804BaA3F925cbe,False,True,0.002707974949477528,0.15,2.0,True,0.425,0.06797894559973985
5032631,,,,,444927.0,True,0x8990D7555Fee1e164b8CB09A6fA51Aa616f32618,True,False,0.033797320504582,0.175,2.0,True,0.4125,0.0444302495502563
5033368,,,,,274584.0,True,0x7f52ADd1899886153A53B2b7A84A49417aCD4BEC,False,True,0.007551191137172628,0.15,2.0,True,0.425,0.11228437947124305
5033701,,,,,422804.0,True,0x02523F5c440f09ae533600CfC0999ce30df2a523,True,False,0.08210970586754103,0.15,2.0,True,0.425,0.17299202220103221
5033908,,,,,432072.0,True,0x8990D7555Fee1e164b8CB09A6fA51Aa616f32618,True,False,0.054472721374260145,0.175,2.0,True,0.4125,0.06415584389118895
5040376,,,,,421978.0,True,0x8dEA24025cF3080FE46af8511c1Be871302B2d63,False,True,0.02170846341451929,0.15,2.0,True,0.425,0.06731261291654005
5040529,,,,,393687.0,True,0x2B6272Da4872C8727C3577dEB0e77bADf6a61636,False,True,0.015543732189000445,0.15,2.0,True,0.425,0.20232947052618683
5040768,,,,,393478.0,True,0x1De3626d6fc2d7c14AF8020B5E8A0c3371D9195D,False,False,0.09312629899081805,0.15,2.0,True,0.425,0.10540639451915657
5041157,,,,,391290.0,True,0x83ffB38218B4098904F2399ABf2d281CD4A13998,False,True,0.02673112298367118,0.15,2.0,True,0.425,0.07844302118640324
5045076,,,,,268562.0,True,0xAB8Dc8012A783a96a77d7f6FAff453Ba99838fCC,False,True,0.006915996732589453,0.18523716377979463,2.0,True,0.4073814181101027,0.08969441674826617
5045447,,,,,406091.0,True,0xb5D695193FC25e9b2E3588F9A45C77aE09D88DEF,False,True,0.015134096988213884,0.15,2.0,True,0.425,0.04390664619037353
5045672,,,,,437630.0,True,0x8dEA24025cF3080FE46af8511c1Be871302B2d63,False,True,0.010607585051047062,0.15,2.0,True,0.425,0.05525901513336484
5046535,,,,,284232.0,True,0x1c503735D9888F1a8E76b9012163cc759cB7Ac46,False,True,0.09809810913415468,0.15,2.0,True,0.425,0.04260664413909756
5046965,,,,,429392.0,True,0x9755E3b21649495D7490a8573D0eD7659e544dA1,True,False,0.026567801970821772,0.15,2.0,True,0.425,0.04110419207227733
5047329,,,,,457793.0,True,0xa9AF89Cb6cb8f665793800D4782E61dCc01F2fEa,True,False,0.11310668095270195,0.15,2.0,True,0.425,0.11264707133667193
5047416,,,,,269537.0,True,0x7f52ADd1899886153A53B2b7A84A49417aCD4BEC,False,True,0.01355051521542819,0.15,2.0,True,0.425,0.04522308766421443
5047962,,,,,437644.0,True,0x8dEA24025cF3080FE46af8511c1Be871302B2d63,False,True,0.021881979414365368,0.15,2.0,True,0.425,0.11713846103963683
5048952,,,,,260575.0,True,0x4C685d099b6E181A2774D210Ce690D98EEBF114c,False,True,0.029494013723380688,0.16416750332003177,2.0,True,0.4179162483399841,0.08290894109203592
5049764,,,,,260599.0,True,0x9Fe9FfbfD57ab78D4d01973482258bfC4BB70bE3,True,True,0.00892558238894967,0.1601122328793886,2.0,True,0.4199438835603057,0.22044997053098822
5050253,,,,,296817.0,True,0x1De3626d6fc2d7c14AF8020B5E8A0c3371D9195D,False,False,0.02210141699349889,0.15,2.0,True,0.425,0.04355515252762942
5051042,,,,,441658.0,True,0xB366dd28bE7449450b8443a384227b87A8DdB0da,False,True,0.01196197030798319,0.15,2.0,True,0.425,0.1782589099398186
5051522,,,,,298903.0,True,0x1De3626d6fc2d7c14AF8020B5E8A0c3371D9195D,False,False,0.014267012593453936,0.15,2.0,True,0.425,0.06807544946112819
5051567,,,,,266624.0,True,0xCD962abeF0Db1266a0E759663b70EC76a791E303,False,True,0.001475179459569182,0.15,2.0,True,0.425,0.07643997842421989
5052098,,,,,428050.0,True,0x1a94ecaDB050Ef1381a40a6a004bf658EEC559D7,True,False,0.010303808856110938,0.15,2.0,True,0.425,0.06407381858298532
5052637,,,,,425522.0,True,0x8990D7555Fee1e164b8CB09A6fA51Aa616f32618,True,False,0.030651046193873023,0.175,2.0,True,0.4125,0.12542678756500272
5052704,,,,,425522.0,True,0x8990D7555Fee1e164b8CB09A6fA51Aa616f32618,True,True,0.004657636923873498,0.175,2.0,True,0.4125,0.07265085709181915
5053263,,,,,406205.0,True,0x01454230a4a4b1188fB38e502829096218643978,True,False,0.00897781126013318,0.15,2.0,True,0.425,0.052107559892032494
5053980,,,,,260575.0,True,0x4C685d099b6E181A2774D210Ce690D98EEBF114c,False,True,0.01941129692433566,0.16416750332003177,2.0,True,0.4179162483399841,0.04864268423126481
5054076,,,,,435810.0,True,0x0135D9c6569f1f26376F7DA2d56586c9C7282474,True,True,0.026447963395608516,0.15,2.0,True,0.425,0.06192849845611864
5054533,,,,,272665.0,True,0x7f52ADd1899886153A53B2b7A84A49417aCD4BEC,False,True,0.001777495517861253,0.15,2.0,True,0.425,0.08642566402948218
5054726,,,,,367635.0,True,0xCC1fC2Fcf6B3B45F76a69E82CCeDb75a2BbD727C,False,False,0.0310041769898781,0.15,2.0,True,0.425,0.042133517537044925
5055002,,,,,440358.0,True,0xE0878Ff2a29a0460C6d66C35F4215E7e5aD49388,True,True,0.037545657982099245,0.15,2.0,True,0.425,0.42109718577744826
5055860,,,,,402411.0,True,0x3c08D0F72639e4C98b2F0e22d90114ED98baa20A,True,True,0.006498998848733578,0.225,2.0,True,0.3875,0.258553084503856
5055888,,,,,282599.0,True,0xEA19342eaCC5001722C7864B1a4C50BBb8F94df0,False,False,0.09027006698855103,0.19858799845662872,2.0,True,0.4007060007716856,0.14754345831985333
5056124,,,,,256322.0,True,0x0DD7397E821a042621DA96f6F546FFFB7eC4c18C,False,True,0.5815764889099455,0.155571388137965,2.0,True,0.4222143059310175,0.19310111913483624
5057248,,,,,320536.0,True,0xd20e9C66264Ae040e89C90af0C74bED97fD0BC65,False,True,0.08173161462626857,0.15,2.0,True,0.425,0.08652843987610012
5057277,,,,,449831.0,True,0xBe9Debf0F6ECCbE43F1F74C1c26F7D7e4c9206f7,False,True,0.014491822055194368,0.15,2.0,True,0.425,0.039733279200933704
5057461,,,,,283568.0,True,0x26D4ef83924f56629e20DE63cd0848C7CDACCF91,False,True,0.003514602768997675,0.15,2.0,True,0.425,0.06467353313014942
5058028,,,,,302975.0,True,0xd8e89e5e767C0F789ff76f5c64Dd472e1a04FBa9,False,True,0.04308478844315819,0.15,2.0,True,0.425,0.14023599524789435
5058380,,,,,347144.0,True,0x6ed46E3c84fbed89A1A423754A1116089Ab16Ff0,False,True,0.008702841829577743,0.15,2.0,True,0.425,0.053584511581035964
5059452,,,,,272937.0,True,0x4C685d099b6E181A2774D210Ce690D98EEBF114c,False,True,0.021837892136966193,0.16416750332003177,2.0,True,0.4179162483399841,0.0380715625544152
5059594,,,,,297050.0,True,0x1De3626d6fc2d7c14AF8020B5E8A0c3371D9195D,False,False,0.032706046873280194,0.15,2.0,True,0.425,0.3421536542718127
5092844,,,,,273849.0,True,0x9Fe9FfbfD57ab78D4d01973482258bfC4BB70bE3,True,True,0.06780006301057731,0.1601122328793886,2.0,True,0.4199438835603057,1.9116957484805965
5093686,,,,,438975.0,True,0xdCc67F9197b797140654Dd46E84E1b03D956927b,True,False,0.06928014363401166,0.15,2.0,True,0.425,0.16968580156583124
5150629,,,,,358371.0,True,0xC36bF13B69BCaEED8Bc73Ac7Cd28fd2Fb084f256,False,True,0.016906113007403425,0.1580861600152301,2.0,True,0.42095691999238494,0.05545561613247322
5152163,,,,,369334.0,True,0x3EC1093cC0D6C68037113F4d5555216b29e7c7DC,True,True,0.01588486183836385,0.15,2.0,True,0.425,0.05349390758145368
5152992,,,,,302353.0,True,0x6CE82a2FEB8baB345D14f7a955d2daaE4fF9d83F,True,True,0.00510488120830546,0.19421877595460377,2.0,True,0.4028906120226981,0.04692927501470047
5331210,,,,,257585.0,True,0xC6080FC2cDb2C25CDa6bD72985780dE26C5e6203,True,True,0.008130750817275118,0.15,2.0,True,0.425,0.12028469456513316
5536048,,,,,497971.0,True,0x02523F5c440f09ae533600CfC0999ce30df2a523,True,False,0.01681498795639124,0.15,2.0,True,0.425,0.038494092296307625
5538661,,,,,450780.0,True,0x39cB89A82B401FA4941F304A3cdBdc1C51C77761,True,False,0.04216909310340429,0.15,2.0,True,0.425,0.2699180695932383
5557491,,,,,488716.0,True,0x518fb1E307BD33C8cDd191d96009cFbeb3165Faa,True,True,0.010098449358522155,0.12664093570702462,2.0,True,0.4366795321464877,0.0750119392530932
5924612,,,,,269455.0,True,0x5280B7aD2aFF8872C4110A0EA2E919c616F55D19,True,True,0.014324975942255536,0.15714285714285714,2.0,True,0.42142857142857143,0.07136361082175366
5992717,,,,,397931.0,True,0x0ccdDA6523B8BCAE8B3Ab407623EE073495C5ee0,True,True,0.015473888978580104,0.15,2.0,True,0.425,0.19650957218294346
5992801,,,,,442544.0,True,0x53829Cc7E582F5D9945d1bfC0e2Ed8B271202592,True,True,0.042969043532857826,0.15685785096363083,2.0,True,0.4215710745181846,0.12516364166158286
5992963,,,,,545647.0,True,0xB81E87018Ec50d17116310c87b36622807581fa6,False,True,0.03097022464455183,0.15,2.0,True,0.425,0.17251490717951476
5995194,,,,,261383.0,True,0x5111817277151611310ccd2aa2873ff0081F316f,True,True,0.03245260129138814,0.12000000023798399,2.0,True,0.439999999881008,0.04536297848847585
5996922,,,,,525922.0,True,0xB81E87018Ec50d17116310c87b36622807581fa6,False,True,0.02336436508190171,0.15,2.0,True,0.425,0.052728358581760594
6000433,,,,,472721.0,True,0x4680B01D48f107928Dc75C3Ae5C8296D8cB0b5f7,True,False,0.025949523883316023,0.15,2.0,True,0.425,0.41284166185607557
6000799,,,,,544599.0,True,0x6BBbA538C14D36eE92dd3941Afe52736c5cFb842,False,True,0.03429842327460535,0.15,4.0,True,0.6375,0.07275135384065722
6000936,,,,,547887.0,True,0x6BBbA538C14D36eE92dd3941Afe52736c5cFb842,False,True,0.016275555122801464,0.15,4.0,True,0.6375,0.045664145734623796
6002767,,,,,545629.0,True,0xB81E87018Ec50d17116310c87b36622807581fa6,False,True,0.018912495806808156,0.15,4.0,True,0.6375,0.10039152857618691
6004475,,,,,525945.0,True,0x6BBbA538C14D36eE92dd3941Afe52736c5cFb842,False,True,0.010544014595212993,0.15,4.0,True,0.6375,0.09541473704030894
6005328,,,,,547896.0,True,0x6BBbA538C14D36eE92dd3941Afe52736c5cFb842,False,True,0.08231047029530796,0.15,4.0,True,0.6375,0.07461832518643965
6006840,,,,,544590.0,True,0x6BBbA538C14D36eE92dd3941Afe52736c5cFb842,False,True,0.021205692946783056,0.15,4.0,True,0.6375,0.062146269517570144
6007165,,,,,269455.0,True,0x5280B7aD2aFF8872C4110A0EA2E919c616F55D19,True,True,0.014437599012169176,0.15714285714285714,3.0,True,0.561904761904762,0.05709161436505092
6010727,,,,,498032.0,True,0xDBef206584d2b84b625c7d78067aE977f8EE1A29,True,True,0.029164626525213937,0.15,2.0,True,0.425,0.05698205522950762
6013657,,,,,329944.0,True,0x16A3a243D1910Ba2686294054F057A954BA0E705,False,True,0.03946133249104315,0.2,2.0,True,0.4,0.09122797512539609
6016637,,,,,527222.0,True,0x6BBbA538C14D36eE92dd3941Afe52736c5cFb842,False,True,0.02327664179781654,0.15,2.0,True,0.425,0.04005190507107722
6017368,,,,,378944.0,True,0x5280B7aD2aFF8872C4110A0EA2E919c616F55D19,True,True,0.043972896734476456,0.15714285714285714,2.0,True,0.42142857142857143,0.15922437150181656
6017446,,,,,527266.0,True,0x6BBbA538C14D36eE92dd3941Afe52736c5cFb842,False,True,0.010669923756852648,0.15,2.0,True,0.425,0.07367566533272632
6018025,,,,,441314.0,True,0x959D4caDcBBdE02bCCB0211Cf9a4551c8336dc7d,True,True,0.007186694274172129,0.15,2.0,True,0.425,0.09691492296953054
6018674,,,,,527201.0,True,0xB81E87018Ec50d17116310c87b36622807581fa6,False,True,0.039926284976669155,0.15,2.0,True,0.425,0.1862364671888156
6018885,,,,,260942.0,True,0x45dd7696CAE748f82669c002721E46d41f94E2c4,True,True,0.05169857520458366,0.05,2.0,True,0.475,0.12874143853706052
6019733,,,,,545632.0,True,0xB81E87018Ec50d17116310c87b36622807581fa6,False,True,0.05137402609826379,0.15,2.0,True,0.425,0.17397371004646212
6019788,,,,,260625.0,True,0x72eD84c5232a8e0bF88aFF101dd9C3fE30fB1AF1,True,True,0.025466613320218188,0.09085007179220761,2.0,True,0.4545749641038962,0.11774174029563889
6025208,,,,,261669.0,True,0x42E36a7B30Aa8eA8bEC7B64170e40aeF20B00Bee,True,True,0.02704438397623315,0.1,2.0,True,0.45,0.054488308148901266
6025447,,,,,518610.0,True,0x6BBbA538C14D36eE92dd3941Afe52736c5cFb842,False,True,0.011369491623610648,0.15,2.0,True,0.425,0.04802261727721766
6026969,,,,,544616.0,True,0x6BBbA538C14D36eE92dd3941Afe52736c5cFb842,False,True,0.014549418807918506,0.15,2.0,True,0.425,0.03688860459137838
6028867,,,,,386524.0,True,0xB498446d6B701407fed1F34a1A7328df3Aa32308,True,True,0.0375725215682729,0.15,2.0,True,0.425,0.0453213572738152
6030555,,,,,441314.0,True,0x959D4caDcBBdE02bCCB0211Cf9a4551c8336dc7d,True,True,0.03406210709374045,0.15,2.0,True,0.425,0.03223433726756576
6031428,,,,,412827.0,True,0x75224e800636c3D397bADb4D7c544e09aDDd8E0A,False,True,0.007463802215693186,0.1375,2.0,True,0.43125,0.01813760088235024
6031874,,,,,329944.0,True,0x16A3a243D1910Ba2686294054F057A954BA0E705,False,True,0.007471618689399466,0.2,2.0,True,0.4,0.05012420462977043
6034244,,,,,547882.0,True,0x6BBbA538C14D36eE92dd3941Afe52736c5cFb842,False,True,0.022275038293380497,0.15,2.0,True,0.425,0.057439739370353717
6035355,,,,,267724.0,True,0xA9c8550BffD4bD11c09da4a807dCC3B87C71B481,True,True,0.002710084031079421,0.15462843343373606,2.0,True,0.422685783283132,0.1525648833706015
6038977,,,,,460138.0,True,0xeA7126082a70c7DC463D2921D18e4658e52de4Ab,True,True,0.006711793668267318,0.15,2.0,True,0.425,0.06276332244299875
6039339,,,,,274285.0,True,0x62eC513d096BD5949951224c1AA842f74C638b4F,False,True,0.00450850405391329,0.13512771214337702,2.0,True,0.4324361439283115,0.04311629824638972
6039710,,,,,547876.0,True,0x6BBbA538C14D36eE92dd3941Afe52736c5cFb842,False,True,0.012236907019829737,0.15,2.0,True,0.425,0.03621332814063818
6040262,,,,,332128.0,True,0x5280B7aD2aFF8872C4110A0EA2E919c616F55D19,True,True,0.019020732189330813,0.15714285714285714,2.0,True,0.42142857142857143,0.0603200933311235
6042994,,,,,525895.0,True,0x6BBbA538C14D36eE92dd3941Afe52736c5cFb842,False,True,0.02784808690749835,0.15,2.0,True,0.425,0.1853093200663638
6049598,,,,,332128.0,True,0x5280B7aD2aFF8872C4110A0EA2E919c616F55D19,True,True,0.015945700048869547,0.15714285714285714,2.0,True,0.42142857142857143,0.09544776429702789
6050611,,,,,553568.0,True,0x6b05d9E6c41d18365a8B1e471939baed533BF18a,True,True,0.02734603598989749,0.12457664492276384,2.0,True,0.43771167753861806,0.06453779575061615
6052125,,,,,525943.0,True,0x6BBbA538C14D36eE92dd3941Afe52736c5cFb842,False,True,0.008438491813274088,0.15,2.0,True,0.425,0.05863200058495516
6053836,,,,,272803.0,True,0x3072bAf800A789F33Aae39D6e726a4A37615ceb3,True,True,0.021299455893909393,0.1330240298769952,2.0,True,0.43348798506150243,0.031972617504362366
6057979,,,,,527254.0,True,0x6BBbA538C14D36eE92dd3941Afe52736c5cFb842,False,True,0.036234520279766376,0.15,2.0,True,0.425,0.06329373555269625
6059650,,,,,527222.0,True,0x6BBbA538C14D36eE92dd3941Afe52736c5cFb842,False,True,0.01697273789663554,0.15,2.0,True,0.425,0.061394648837031066
6059667,,,,,431206.0,True,0x1bc354C79a3Ec66866C349bb2F64F4DF153e9428,False,True,0.024000321096966763,0.15,2.0,True,0.425,0.5580171033618988
6060267,,,,,544614.0,True,0x6BBbA538C14D36eE92dd3941Afe52736c5cFb842,False,True,0.007127342266730947,0.15,2.0,True,0.425,0.049986770404056226
6061364,,,,,545640.0,True,0xB81E87018Ec50d17116310c87b36622807581fa6,False,True,0.016116780490371446,0.15,2.0,True,0.425,0.04786737861611743
6062300,,,,,271870.0,True,0x324F20a5e7DC9E3Ae7B08acd179Bc6eEAFB8d44D,True,True,0.018115522258344296,0.1966302750572361,2.0,True,0.40168486247138196,0.11021876455846757
6063092,,,,,525904.0,True,0xB81E87018Ec50d17116310c87b36622807581fa6,False,True,0.031825209047241634,0.15,2.0,True,0.425,0.048392011801965285
6063356,,,,,527221.0,True,0x6BBbA538C14D36eE92dd3941Afe52736c5cFb842,False,True,0.01943738776408082,0.15,2.0,True,0.425,0.2870219138851864
6063757,,,,,545641.0,True,0xB81E87018Ec50d17116310c87b36622807581fa6,False,True,0.019857371889824366,0.15,2.0,True,0.425,0.06368701220297034
6068416,,,,,544621.0,True,0x6BBbA538C14D36eE92dd3941Afe52736c5cFb842,False,True,0.017930044503838075,0.15,2.0,True,0.425,0.040012965419672294
6071800,,,,,332107.0,True,0xed40002F46D76224e44E314a19b2e053e55c4E17,True,True,0.009801952913905964,0.2,2.0,True,0.4,0.06337819084138217
6071830,,,,,525926.0,True,0xB81E87018Ec50d17116310c87b36622807581fa6,False,True,0.01444169776066769,0.15,2.0,True,0.425,0.0393824486759978
6075812,,,,,266966.0,True,0x5D55f5453619d9DF806f9a9Cb2986A919B4882D1,True,True,0.015961601168874504,0.10935090917099481,2.0,True,0.4453245454145026,0.02459662906226881
6085827,,,,,527221.0,True,0x6BBbA538C14D36eE92dd3941Afe52736c5cFb842,False,True,0.018495549135027448,0.15,2.0,True,0.425,0.09446777654967307
6086161,,,,,436172.0,True,0xF3a88FAE6Ffe731015FB53fB2fa193c9177f87E3,False,True,0.01656794487568723,0.15,2.0,True,0.425,0.09699653393942712
6086994,,,,,390587.0,True,0x0cBEe0Cddc774F0549e5e8e36aC29639E9691B2E,True,True,0.038261613222621435,0.15,2.0,True,0.425,0.10140477759602047
6087937,,,,,518588.0,True,0x6BBbA538C14D36eE92dd3941Afe52736c5cFb842,False,True,0.015494722025891665,0.15,2.0,True,0.425,0.06032049930747394
6088063,,,,,268348.0,True,0x7E37d1400118126960a9739B7Fa9F1B3663c9e6e,True,True,0.015444061649498552,0.1991298471504721,2.0,True,0.40043507642476395,0.045195929958571766
6096079,,,,,412827.0,True,0x75224e800636c3D397bADb4D7c544e09aDDd8E0A,False,True,0.013076624562713223,0.1375,2.0,True,0.43125,0.02628990184461669
6097645,,,,,547889.0,True,0x6BBbA538C14D36eE92dd3941Afe52736c5cFb842,False,True,0.013799520290836337,0.15,2.0,True,0.425,0.03740735658372807
6098646,,,,,518593.0,True,0x6BBbA538C14D36eE92dd3941Afe52736c5cFb842,False,True,0.016139558965373335,0.15,2.0,True,0.425,0.0642939803950476
6105475,,,,,518595.0,True,0x6BBbA538C14D36eE92dd3941Afe52736c5cFb842,False,True,0.016750453384315283,0.15,2.0,True,0.425,0.07364847084538947
6106145,,,,,276106.0,True,0x53829Cc7E582F5D9945d1bfC0e2Ed8B271202592,True,True,0.026180513394740975,0.15685785096363083,2.0,True,0.4215710745181846,1.8381283183083097
6107479,,,,,260632.0,True,0x331E1a893Ed611427f9C54172B208B7D23E4c263,True,True,0.010633868669373466,0.10023578945445692,2.0,True,0.44988210527277156,0.20914777078682084
6108120,,,,,518610.0,True,0x6BBbA538C14D36eE92dd3941Afe52736c5cFb842,False,True,0.0,0.15,2.0,True,0.425,0.1387109402561504
6110952,,,,,550304.0,True,0xc5D291607600044348E5014404cc18394BD1D57d,True,True,0.01270866024266147,0.15208333333333335,2.0,True,0.4239583333333333,0.21729918431924702
6113134,,,,,547051.0,True,0xe02a802E96446e904994Aa3D337B4B687ebB7303,True,True,0.007675898603646562,0.15,2.0,True,0.425,0.07442587232406521
6114241,,,,,518609.0,True,0x6BBbA538C14D36eE92dd3941Afe52736c5cFb842,False,True,0.0327084459505556,0.15,2.0,True,0.425,0.03885960480247748
6116828,,,,,558295.0,True,0x6BBbA538C14D36eE92dd3941Afe52736c5cFb842,False,True,0.01217970735190832,0.15,2.0,True,0.425,0.12621785224989884
6117096,,,,,498586.0,True,0x02523F5c440f09ae533600CfC0999ce30df2a523,True,True,0.018239023430106215,0.15,2.0,True,0.425,0.02886699037358315
6130716,,,,,518601.0,True,0x6BBbA538C14D36eE92dd3941Afe52736c5cFb842,False,True,0.012664965460639138,0.15,2.0,True,0.425,0.06366640009849513
6131643,,,,,415622.0,True,0xfec32E8C9d2E8458C39bC60EaD7a844eA26b5386,True,True,0.02783639819252749,0.15,2.0,True,0.425,0.13298519694125263
6131723,,,,,332119.0,True,0xed40002F46D76224e44E314a19b2e053e55c4E17,True,True,0.01002771553080156,0.2,2.0,True,0.4,0.04234919787978113
6132021,,,,,518597.0,True,0x6BBbA538C14D36eE92dd3941Afe52736c5cFb842,False,True,0.006080520455471825,0.15,2.0,True,0.425,0.034390769991488164
6132150,,,,,369346.0,True,0x8e827814d5d86bE1dc648A2E5fe9ab4872046aBD,True,True,0.03927498444599766,0.15,2.0,True,0.425,0.032283535957364946
6135230,,,,,450061.0,True,0x1C4c91BC615841bA8e414d4F5BC307acb09646c0,False,True,0.008850535332868755,0.15,2.0,True,0.425,0.04180466905163464
6135753,,,,,320536.0,True,0xd20e9C66264Ae040e89C90af0C74bED97fD0BC65,False,True,0.017033136492323298,0.2,2.0,True,0.4,0.1395834287070649
6139535,,,,,320536.0,True,0xd20e9C66264Ae040e89C90af0C74bED97fD0BC65,False,True,0.006963737131956761,0.2,2.0,True,0.4,0.10899796637356202
6141972,,,,,544603.0,True,0x6BBbA538C14D36eE92dd3941Afe52736c5cFb842,False,True,0.022760579805381737,0.15,2.0,True,0.425,0.0919570619770545
6142724,,,,,289391.0,True,0x207417bB9cab68286534543a1ABD697d25F71877,True,True,0.002939601653235115,0.16750912136237345,2.0,True,0.4162454393188133,0.047907510933754796
6144762,,,,,518572.0,True,0x6BBbA538C14D36eE92dd3941Afe52736c5cFb842,False,True,0.017943755227362395,0.15,2.0,True,0.425,0.040339490629175294
6145489,,,,,498032.0,True,0xDBef206584d2b84b625c7d78067aE977f8EE1A29,True,True,0.013644307475093074,0.15,2.0,True,0.425,0.06015883410438772
6146395,,,,,320536.0,True,0xd20e9C66264Ae040e89C90af0C74bED97fD0BC65,False,True,0.015869679789289045,0.2,2.0,True,0.4,0.11345815893062043
6149939,,,,,544617.0,True,0x6BBbA538C14D36eE92dd3941Afe52736c5cFb842,False,True,0.1948602538498362,0.15,2.0,True,0.425,0.11995492716789079
6153179,,,,,293335.0,True,0xf32dBA867F8f74D07D9E508422ae4f29939991a8,True,True,0.01437514834289346,0.15836315139856938,2.0,True,0.4208184243007153,0.08419728576982015
6153469,,,,,460138.0,True,0xeA7126082a70c7DC463D2921D18e4658e52de4Ab,True,True,0.03147490470033524,0.15,2.0,True,0.425,0.02367906298112486
6154718,,,,,292652.0,True,0xc2E11bA3A515240Fc4D0f4a86B8BB79dF26f9F8c,False,True,0.014249370108798398,0.171759687395682,2.0,True,0.414120156302159,0.032622140759275005
6156032,,,,,563481.0,True,0x62eC513d096BD5949951224c1AA842f74C638b4F,False,True,0.012950939195903852,0.1425638560716885,2.0,True,0.42871807196415573,0.051994891336695825
6156290,,,,,500875.0,True,0xA9f4DEec01598c34509B1A41c0323d290582E27E,False,True,0.05538093644079889,0.15,2.0,True,0.425,0.33968840925294297
6158159,,,,,525949.0,True,0x6BBbA538C14D36eE92dd3941Afe52736c5cFb842,False,True,0.07736201591189389,0.15,2.0,True,0.425,0.06183275086221797
6171395,,,,,441235.0,True,0x8Ad150eeE60Dd2519Bb2713cCec770B0fe07a1ae,True,True,0.04545205879799617,0.15,2.0,True,0.425,0.02204005548508799
6171458,,,,,376092.0,True,0xc3105F88C6C1aC83b48200A89a4D99a681e165C8,True,True,0.04021134689540559,0.15,2.0,True,0.425,0.06294290542176569
6172956,,,,,413006.0,True,0x2337b31A8E6c402677c94973A71Ec34a6b719bd4,False,True,0.017747413204170576,0.15,2.0,True,0.425,0.12498324089651681
6174052,,,,,306549.0,True,0xA9c8550BffD4bD11c09da4a807dCC3B87C71B481,True,True,0.010266339933709234,0.15462843343373606,2.0,True,0.422685783283132,0.0330491442229591
6180074,,,,,516860.0,True,0xE6f2B1f78C44db1381Da77B28d4B49eF349a93c5,False,True,0.016268174538246836,0.15,2.0,True,0.425,0.04496736682668948
6181320,,,,,550305.0,True,0xc5D291607600044348E5014404cc18394BD1D57d,True,True,0.009991941511207327,0.15208333333333335,2.0,True,0.4239583333333333,0.07725589789479882
6184520,,,,,404861.0,True,0x7598047138307F52FCA61fCE6E489c2769C0Acd6,True,True,0.054944253312989536,0.16666666666666666,2.0,True,0.4166666666666667,0.0477523263782844
6185266,,,,,518601.0,True,0x6BBbA538C14D36eE92dd3941Afe52736c5cFb842,False,True,0.011606152519790032,0.15,2.0,True,0.425,0.04388481801809021
6197357,,,,,445227.0,True,0x90d26fEC45754a9491535a7A4c9848bFb7ca1cD3,True,True,0.022224183012197685,0.15,2.0,True,0.425,0.02604403939527317
6291123,,,,,498586.0,True,0x02523F5c440f09ae533600CfC0999ce30df2a523,True,True,0.014361227595826509,0.15,2.0,True,0.425,0.15390551969268282
6311521,,,,,302713.0,True,0x1376BfDF9c7bF1F76de51539d403Bf4FedCaB245,False,True,0.027371099069973134,0.19009920495139315,2.0,True,0.4049503975243034,0.25519739250326956
6314026,,,,,395367.0,True,0x26F0181CaDCe307678589BaCB1dd6624E547D55A,True,True,0.01165989020556574,0.15,2.0,True,0.425,0.0664331355686436
6317714,,,,,479172.0,True,0x4D3c5cF298eE549978057674e8efcF3E833369A2,False,True,0.10284233106398814,0.15,2.0,True,0.425,0.22050521684309576
6321350,,,,,456767.0,True,0x4CeCc37345ce702fA6285Ab9098dA34654Ee0471,True,True,0.024443172435582267,0.15,2.0,True,0.425,0.04365927786245736
6325384,,,,,519976.0,True,0x92B0815C439BA02339D32f44E1cFD5F5d1E4883C,False,True,0.025032522969616975,0.15,2.0,True,0.425,0.2638920397436853
6327687,,,,,441828.0,True,0xc992a9F75Fc162B91a481EEf9aeC47465218C91A,True,True,0.03366576246735758,0.15,2.0,True,0.425,0.07414348915523307
6328320,,,,,550303.0,True,0xc5D291607600044348E5014404cc18394BD1D57d,True,True,0.018638385777154716,0.15208333333333335,2.0,True,0.4239583333333333,0.03419469704108436
6380575,,,,,454805.0,True,0x98e8160A0003288d1777E79d70a0aaB309C789cE,True,False,0.04879008028430296,0.15,2.0,True,0.425,0.26527399573698435
6380793,,,,,557842.0,True,0x10630c8130e44eD22D30d0A05488a10B44797a93,True,True,0.06721727728182274,0.14,4.0,True,0.645,0.3466949388655534
6382148,,,,,496661.0,True,0x02523F5c440f09ae533600CfC0999ce30df2a523,True,True,0.022949252763359893,0.15,2.0,True,0.425,0.6603752648543292
6394543,,,,,586287.0,True,0x2b6fCa9AD7EBd5408dB009f0DF087Ffd934cF98e,True,True,0.047714883442657494,0.14,4.0,True,0.645,0.20739284876538594
6395937,,,,,454805.0,True,0x98e8160A0003288d1777E79d70a0aaB309C789cE,True,True,0.29597248419119687,0.15,2.0,True,0.425,0.2598966019257683
6396036,,,,,552642.0,True,0xc5D291607600044348E5014404cc18394BD1D57d,True,True,0.09597042917518224,0.15208333333333335,2.0,True,0.4239583333333333,0.10256049887582552
6397120,,,,,586286.0,True,0x2b6fCa9AD7EBd5408dB009f0DF087Ffd934cF98e,True,True,0.023358936713395468,0.14,4.0,True,0.645,0.14118866019405724
6405871,,,,,586280.0,True,0x2b6fCa9AD7EBd5408dB009f0DF087Ffd934cF98e,True,True,0.08259864603026588,0.14,4.0,True,0.645,0.2559166069254309
6413683,,,,,442544.0,True,0x53829Cc7E582F5D9945d1bfC0e2Ed8B271202592,True,True,0.025359822274519134,0.15685785096363083,2.0,True,0.4215710745181846,0.5108308473997972
6413898,,,,,291600.0,True,0xAE8E389E2940D937f50De697f350DD86f8AEE93b,True,True,0.04157633755401633,0.14,4.0,True,0.645,0.4559800586845296
6414544,,,,,583665.0,True,0xbd14bB00cfcb670A5187Da2062c94d1E5d2f0169,True,True,0.11840648305513632,0.14,4.0,True,0.645,0.5754636817440791
6414705,,,,,584029.0,True,0x45dd7696CAE748f82669c002721E46d41f94E2c4,True,True,0.1941697983188594,0.14,4.0,True,0.645,0.23728091411324748
6419549,,,,,430398.0,True,0x53829Cc7E582F5D9945d1bfC0e2Ed8B271202592,True,True,0.04574578166776387,0.15685785096363083,2.0,True,0.4215710745181846,0.32633172052837395
6420739,,,,,583647.0,True,0x49C0A3c307b5A8Ea3403892D5Bc9027b6cC2343F,True,False,0.12488080110144689,0.14,2.0,True,0.43,0.9406981526207149
6421814,,,,,588530.0,True,0x24D2706C07ff041DB342Bd72343Fd79E06129802,True,True,0.03023267749754127,0.14,4.0,True,0.645,0.0949038346300194
6426117,,,,,399229.0,True,0xb745EeDa2dB353a3E649A3774Fa759533CAf49F8,True,True,0.19386018039178682,0.15,2.0,True,0.425,0.09514825287081737
6426377,,,,,586272.0,True,0x2b6fCa9AD7EBd5408dB009f0DF087Ffd934cF98e,True,True,0.048334994734749746,0.14,4.0,True,0.645,0.41399117127406293
6427917,,,,,397286.0,True,0xa351B3117e76F1810c5857A68907aC8FCe2B7d20,True,True,0.02777487139522702,0.14,4.0,True,0.645,0.2564505308747365
6430916,,,,,552642.0,True,0xc5D291607600044348E5014404cc18394BD1D57d,True,True,0.1979845893923575,0.15208333333333335,2.0,True,0.4239583333333333,0.20510394660803277
6432099,,,,,430392.0,True,0xae72F470Da5446005c756B08D3e916f7EA8E9B72,True,True,0.030682862604477727,0.16924587876969338,2.0,True,0.41537706061515334,0.11739802160915246
6432741,,,,,282599.0,True,0xEA19342eaCC5001722C7864B1a4C50BBb8F94df0,True,True,0.018652527080385364,0.19858799845662872,2.0,True,0.4007060007716856,0.24186375808179295
6435178,,,,,466229.0,True,0xeB8dBF1f9C2629729c53938db085A313Ed2efFAd,True,True,0.11965439314050554,0.15,2.0,True,0.425,0.11779034266220294
6439442,,,,,450061.0,True,0x1C4c91BC615841bA8e414d4F5BC307acb09646c0,False,True,0.1469279256874867,0.15,2.0,True,0.425,0.20553114090342076
6443669,,,,,441572.0,True,0x8Ad150eeE60Dd2519Bb2713cCec770B0fe07a1ae,False,True,0.03623887377237664,0.15,2.0,True,0.425,0.15273265076382395
6458082,,,,,573943.0,True,0x8387C8109b21b8cB463240d467C0E781771C62Fa,True,True,0.018338920528174946,0.1425,3.0,True,0.5716666666666668,0.14861599386391552
6459489,,,,,583665.0,True,0xbd14bB00cfcb670A5187Da2062c94d1E5d2f0169,True,True,0.07901392672790641,0.14,4.0,True,0.645,0.21336551156465103
6463083,,,,,403549.0,True,0x75224e800636c3D397bADb4D7c544e09aDDd8E0A,False,True,0.026124268835792955,0.1375,2.0,True,0.43125,0.3231627420689111
6463125,,,,,260854.0,True,0x24D2706C07ff041DB342Bd72343Fd79E06129802,True,True,0.01420531387653644,0.14,4.0,True,0.645,0.08369790373201384
6467026,,,,,395836.0,True,0x4CeCc37345ce702fA6285Ab9098dA34654Ee0471,True,True,0.22151153317873334,0.15,2.0,True,0.425,0.3091678373506588
6467888,,,,,548755.0,True,0xc2E11bA3A515240Fc4D0f4a86B8BB79dF26f9F8c,False,True,0.4620692463546147,0.171759687395682,2.0,True,0.414120156302159,0.3444677578711879
6476921,,,,,484216.0,True,0xd9D3106bfa3f242BbCa1416D1Ccd95fE109c3CF8,True,True,0.011013119757361594,0.14,4.0,True,0.645,0.05698785009317522
6478783,,,,,405309.0,True,0x4892E52502CFdD675BeE1C26F5E4b76e2Aca84ba,False,False,0.06413197467308208,0.15,2.0,True,0.425,0.15311662406413226
6480009,,,,,422804.0,True,0x02523F5c440f09ae533600CfC0999ce30df2a523,True,True,0.04100174665979799,0.15,2.0,True,0.425,0.11542284072470772
6484782,,,,,261060.0,True,0x9c69e7FCe961FD837F99c808aD75ED39a2c549Cb,False,True,0.011021548448263994,0.05,2.0,True,0.475,0.06487303843462935
6486599,,,,,581858.0,True,0x68C994c7c7BAcd5588C81156Bb821139aB8A42d0,True,True,0.060790045541682304,0.14,4.0,True,0.645,0.3385702872899518
6489016,,,,,588526.0,True,0x24D2706C07ff041DB342Bd72343Fd79E06129802,True,True,0.022536819435838844,0.14,4.0,True,0.645,0.23640853909149237
6489247,,,,,268561.0,True,0x75224e800636c3D397bADb4D7c544e09aDDd8E0A,False,True,0.04683307938498585,0.1375,2.0,True,0.43125,0.06240169143652933
6489281,,,,,290002.0,True,0x5280B7aD2aFF8872C4110A0EA2E919c616F55D19,True,True,0.027078007160546112,0.155,3.0,True,0.5633333333333334,0.10974218988365739
6491680,,,,,412827.0,True,0x75224e800636c3D397bADb4D7c544e09aDDd8E0A,False,True,0.1723093397856881,0.1375,2.0,True,0.43125,0.28642963320681386
6492113,,,,,586288.0,True,0x2b6fCa9AD7EBd5408dB009f0DF087Ffd934cF98e,True,True,0.025097791221774655,0.14,4.0,True,0.645,0.13309046372894687
6493713,,,,,598275.0,True,0x7486A3A5D5E744b2bC3D781f0CCe7Df196b3ED74,True,True,0.018492942772742105,0.14,4.0,True,0.645,0.10942749963298386
6495260,,,,,436172.0,True,0xF3a88FAE6Ffe731015FB53fB2fa193c9177f87E3,False,True,0.02302452183775456,0.15,2.0,True,0.425,0.14615847107844415
6495296,,,,,586278.0,True,0x2b6fCa9AD7EBd5408dB009f0DF087Ffd934cF98e,True,True,0.10492845777248125,0.14,4.0,True,0.645,0.3166856337067567
6498338,,,,,268418.0,True,0xD5a0b399C63e2cE0E77DD32d81D8531a2b9eE6ec,True,True,0.028541801271157373,0.14,4.0,True,0.645,0.08833818536311237
6581723,,,,,422804.0,True,0x02523F5c440f09ae533600CfC0999ce30df2a523,True,True,0.031597543073380176,0.15,2.0,True,0.425,0.12076039276226364
6585572,,,,,584029.0,True,0x45dd7696CAE748f82669c002721E46d41f94E2c4,True,True,0.006096630272563502,0.14,4.0,True,0.645,0.04519953987282994
6588143,,,,,332107.0,True,0xed40002F46D76224e44E314a19b2e053e55c4E17,True,True,0.012980753398114385,0.164,2.6666666666666665,True,0.5225,0.06582963319118253
6588674,,,,,257581.0,True,0x207417bB9cab68286534543a1ABD697d25F71877,True,True,0.026726721859860584,0.16750912136237345,2.0,True,0.4162454393188133,0.16681503823211885
6589018,,,,,586274.0,True,0x2b6fCa9AD7EBd5408dB009f0DF087Ffd934cF98e,True,True,0.010574013739725536,0.14,4.0,True,0.645,0.07277630341243115
6590206,,,,,596035.0,True,0x78a47e8041f0F34b52dDfD55ed0d4Fc8c0435995,True,True,0.01834870406824242,0.14,4.0,True,0.645,0.08475434016751658
6595541,,,,,550303.0,True,0xc5D291607600044348E5014404cc18394BD1D57d,True,True,0.025955910468605486,0.15208333333333335,2.0,True,0.4239583333333333,0.11735110057876749
6640712,,,,,585233.0,True,0x728cDdcE1dD14dae50A5BcBf852B9912A96aaa35,True,True,0.004333649434013722,0.14,4.0,True,0.645,0.06395722410637583
6647194,,,,,599489.0,True,0x24470B4C6CFD6901E382429243a533acE113B8A8,True,True,0.016718298604678702,0.14,4.0,True,0.645,0.06976567897821587
6657304,,,,,260942.0,True,0x45dd7696CAE748f82669c002721E46d41f94E2c4,True,True,0.022760040636591435,0.14,4.0,True,0.645,0.07682952174044978
6671739,,,,,450780.0,True,0x39cB89A82B401FA4941F304A3cdBdc1C51C77761,True,False,0.07610499499155346,0.15,2.0,True,0.425,0.03879982433374572
6674500,,,,,264805.0,True,0x5D55f5453619d9DF806f9a9Cb2986A919B4882D1,True,True,0.01364762341752412,0.14,4.0,True,0.645,0.05429601761360203
6675141,,,,,480957.0,True,0x679acFA49c88142307576581d79F91c56FD60A6f,True,True,0.027097040130044176,0.15,2.0,True,0.425,0.07854843021800213
6676050,,,,,586211.0,True,0xd9D3106bfa3f242BbCa1416D1Ccd95fE109c3CF8,True,True,0.013546074800653243,0.14,4.0,True,0.645,0.11883852395560301
6685584,,,,,586280.0,True,0x2b6fCa9AD7EBd5408dB009f0DF087Ffd934cF98e,True,True,0.02704708809171017,0.14,4.0,True,0.645,0.044166239342212844
6686258,,,,,604225.0,True,0xE0F5Cd816090Bf41332D117635684e0c5f76505e,True,True,0.011172383845080352,0.14,4.0,True,0.645,0.07106395362283403
6688123,,,,,405309.0,True,0x4892E52502CFdD675BeE1C26F5E4b76e2Aca84ba,False,False,0.07223575591869749,0.15,2.0,True,0.425,0.1246135450710907
6693081,,,,,584142.0,True,0xAE8E389E2940D937f50De697f350DD86f8AEE93b,True,True,0.01913506729687303,0.14,4.0,True,0.645,0.03198180437595624
6695828,,,,,403165.0,True,0x7B09D96d2692fF85d3cd04114D88d5884b1b23AD,True,True,0.014828416424779445,0.15,2.0,True,0.425,0.06615348192542823
6700625,,,,,586211.0,True,0xd9D3106bfa3f242BbCa1416D1Ccd95fE109c3CF8,True,True,0.02911233782995949,0.14,4.0,True,0.645,0.06415254956379539
6700774,,,,,486450.0,True,0xbC903584838678bEEc9902b744252822a6d546C2,True,True,0.012611766573441412,0.14,4.0,True,0.645,0.05911246529282619
6703775,,,,,596019.0,True,0x78a47e8041f0F34b52dDfD55ed0d4Fc8c0435995,True,False,0.01626447761571955,0.14,4.0,True,0.645,0.05545731198862534
6711268,,,,,600142.0,True,0xc5DbFAf13F8B0BaC6DEF344FbbCFef06aC84eef9,False,False,0.011878768605467443,0.14,4.0,True,0.645,0.09831028036681971
6711679,,,,,395367.0,True,0x26F0181CaDCe307678589BaCB1dd6624E547D55A,True,True,0.04901002918624355,0.15,2.0,True,0.425,0.3017082621385095
6714488,,,,,591315.0,True,0x195e5BbcF011398fD599A11440A713181D4cf661,True,False,0.025729480448085585,0.14,4.0,True,0.645,0.04804482649000344
6714538,,,,,422448.0,True,0xb4560B49aed81FFa20A3e86fBF66ecbcae04fb22,True,True,0.0347973891115785,0.15,2.0,True,0.425,0.15669235372251386
6717766,,,,,599489.0,True,0x24470B4C6CFD6901E382429243a533acE113B8A8,True,True,0.01023096337470428,0.14,4.0,True,0.645,0.04928985672350755
6718741,,,,,596019.0,True,0x78a47e8041f0F34b52dDfD55ed0d4Fc8c0435995,True,False,0.03508636764014078,0.14,4.0,True,0.645,0.03246394456667722
6721038,,,,,604550.0,True,0x5280B7aD2aFF8872C4110A0EA2E919c616F55D19,True,False,0.021598864922055108,0.155,3.0,True,0.5633333333333334,0.10833837046105659
6722005,,,,,588491.0,True,0x5D55f5453619d9DF806f9a9Cb2986A919B4882D1,True,True,0.007580606121160853,0.14,4.0,True,0.645,0.04431859538996825
6727215,,,,,616421.0,True,0xb8d3ca6ab51f106690c7Db06d3382bbBBda4AA42,False,False,0.14930489958167004,0.14,4.0,True,0.645,0.2981798916965776
6738345,,,,,669445.0,True,0xe39d21C97B5AA55C9c11A968a76bd3B7bEc552e2,True,True,0.019205423832716312,0.14,4.0,True,0.645,0.07270637048111529
6738606,,,,,586272.0,True,0x2b6fCa9AD7EBd5408dB009f0DF087Ffd934cF98e,True,False,0.021192414171010775,0.14,4.0,True,0.645,0.04147409880904972
6742738,,,,,654023.0,True,0xc5DbFAf13F8B0BaC6DEF344FbbCFef06aC84eef9,False,False,0.03342494588890388,0.14,4.0,True,0.645,0.08063228919108288
6747095,,,,,588489.0,True,0x5D55f5453619d9DF806f9a9Cb2986A919B4882D1,True,True,0.011116497027183052,0.14,4.0,True,0.645,0.11380129730864008
6754897,,,,,588526.0,True,0x24D2706C07ff041DB342Bd72343Fd79E06129802,True,True,0.015388046867511933,0.14,4.0,True,0.645,0.060252871357674244
6770963,,,,,586273.0,True,0x2b6fCa9AD7EBd5408dB009f0DF087Ffd934cF98e,True,False,0.03317843225467195,0.14,4.0,True,0.645,0.15184628895623356
6774095,,,,,588526.0,True,0x24D2706C07ff041DB342Bd72343Fd79E06129802,True,True,0.013292829272577217,0.14,4.0,True,0.645,0.04679433968714386
6778452,,,,,430398.0,True,0x53829Cc7E582F5D9945d1bfC0e2Ed8B271202592,True,True,0.012394856483970608,0.15348628077090468,2.1538461538461537,True,0.4534894924441582,0.06718407176210899
6780994,,,,,586282.0,True,0x2b6fCa9AD7EBd5408dB009f0DF087Ffd934cF98e,True,False,0.012114536762933349,0.14,4.0,True,0.645,0.05084744710259661
6793889,,,,,526419.0,True,0xe02a802E96446e904994Aa3D337B4B687ebB7303,True,True,0.011595617125471672,0.15,2.0,True,0.425,0.03333549562200428
6796156,,,,,675876.0,True,0xe39d21C97B5AA55C9c11A968a76bd3B7bEc552e2,True,True,0.014144204138815971,0.14,4.0,True,0.645,0.10047972447005814
6798066,,,,,329465.0,True,0xc2E11bA3A515240Fc4D0f4a86B8BB79dF26f9F8c,False,True,0.018122124354765023,0.171759687395682,2.0,True,0.414120156302159,0.09393555175536035
6798365,,,,,596035.0,True,0x78a47e8041f0F34b52dDfD55ed0d4Fc8c0435995,True,True,0.01915929950108844,0.14,4.0,True,0.645,0.3090189050484957
6803459,,,,,629432.0,True,0xa166e10e3966367235EB074AED1CC09E546a2092,True,True,0.030861499133149683,0.14,4.0,True,0.645,0.09045727194339591
6805939,,,,,675869.0,True,0xe39d21C97B5AA55C9c11A968a76bd3B7bEc552e2,True,True,0.013224161154539964,0.14,4.0,True,0.645,0.05637680307300131
6807995,,,,,615886.0,True,0xa2DE30D3BF69d3fc6864eA4db92276B8378f67BF,True,False,0.015454181542377892,0.14,4.0,True,0.645,0.04405441578260318
6809717,,,,,442551.0,True,0x53829Cc7E582F5D9945d1bfC0e2Ed8B271202592,True,True,0.008879495980367086,0.15348628077090468,2.1538461538461537,True,0.4534894924441582,0.039880014803660345
6812458,,,,,606018.0,True,0xf3DB7aC07BcCd5EbF20eB67ACedFC673C4A1fb75,True,True,0.012178938394582704,0.14,2.0,True,0.43,0.04246585913402685
6821214,,,,,266966.0,True,0x5D55f5453619d9DF806f9a9Cb2986A919B4882D1,True,True,0.01838358131684025,0.14,4.0,True,0.645,0.07925230939226431
6821942,,,,,405309.0,True,0x4892E52502CFdD675BeE1C26F5E4b76e2Aca84ba,False,False,0.18531898187384555,0.15,2.0,True,0.425,0.17380120950216468
6822675,,,,,675963.0,True,0xe39d21C97B5AA55C9c11A968a76bd3B7bEc552e2,True,True,0.02437336969314152,0.14,4.0,True,0.645,0.12628291867722516
6827998,,,,,547051.0,True,0xe02a802E96446e904994Aa3D337B4B687ebB7303,True,True,0.021020111477602448,0.15,2.0,True,0.425,0.1530040941933624
6850591,,,,,526419.0,True,0xe02a802E96446e904994Aa3D337B4B687ebB7303,True,True,0.0285775721136282,0.15,2.0,True,0.425,0.05733295844407491
6861642,,,,,675954.0,True,0xe39d21C97B5AA55C9c11A968a76bd3B7bEc552e2,True,True,0.0220228773295999,0.14,4.0,True,0.645,0.0782618800066903
6868218,,,,,653620.0,True,0xed40002F46D76224e44E314a19b2e053e55c4E17,True,True,0.010242347375161864,0.164,2.6666666666666665,True,0.5225,0.06705753754818942
6868308,,,,,609894.0,True,0xb2434A63ea229716BcEd8338bf177412d54618d5,False,True,0.014841941660318336,0.14,4.0,True,0.645,0.35792318252663174
6868618,,,,,583666.0,True,0xbd14bB00cfcb670A5187Da2062c94d1E5d2f0169,True,False,0.029202676719613407,0.14,4.0,True,0.645,0.3776141831734348
6874334,,,,,596028.0,True,0x78a47e8041f0F34b52dDfD55ed0d4Fc8c0435995,True,False,0.07966777531278232,0.14,4.0,True,0.645,0.04637144466474676
6875621,,,,,596025.0,True,0x78a47e8041f0F34b52dDfD55ed0d4Fc8c0435995,True,False,0.019052033940618922,0.14,4.0,True,0.645,0.13579720917144827
6876643,,,,,268561.0,True,0x75224e800636c3D397bADb4D7c544e09aDDd8E0A,False,False,0.03918916222165196,0.14636363636363636,3.2,True,0.586875,0.18171873604647268
6878293,,,,,260854.0,True,0x24D2706C07ff041DB342Bd72343Fd79E06129802,True,True,0.021297476087932875,0.14,4.0,True,0.645,0.09454956980347072
6881360,,,,,454805.0,True,0x98e8160A0003288d1777E79d70a0aaB309C789cE,True,False,0.01429128358433346,0.15,2.0,True,0.425,0.041652815343664766
6909733,,,,,619933.0,True,0x42B7001cc7FF472f1bd871876cc485b8d12975A8,True,True,0.011082615535389518,0.14,4.0,True,0.645,0.11717771339960685
6911979,,,,,292479.0,True,0xd62C207e0691fc900b802c24211e28e6955E6227,True,True,0.03148335166019811,0.14,4.0,True,0.645,0.16949524564032462
6917423,,,,,552644.0,True,0xc5D291607600044348E5014404cc18394BD1D57d,True,True,0.01705363999266428,0.15208333333333335,2.0,True,0.4239583333333333,0.029528701725435837
6920597,,,,,586287.0,True,0x2b6fCa9AD7EBd5408dB009f0DF087Ffd934cF98e,True,False,0.12591946953633434,0.14,4.0,True,0.645,0.7867445170577785
6921244,,,,,669445.0,True,0xe39d21C97B5AA55C9c11A968a76bd3B7bEc552e2,True,True,0.05558931481454272,0.14,4.0,True,0.645,0.09749069488374704
6922060,,,,,584142.0,True,0xAE8E389E2940D937f50De697f350DD86f8AEE93b,True,True,0.020477718317726584,0.14,4.0,True,0.645,0.07566536977623058
6926245,,,,,618820.0,True,0xF3B06771c0b76b0d52fCb74b5e924745cbf3A9C1,True,False,0.023155506413183296,0.14,4.0,True,0.645,0.1037936906856805
6926399,,,,,596035.0,True,0x78a47e8041f0F34b52dDfD55ed0d4Fc8c0435995,True,False,0.04683174183809599,0.14,4.0,True,0.645,0.16947325992477677
6929646,,,,,687267.0,True,0x44F3E8dcaB930E5785db933a2870579aaee91732,True,False,0.06056648117957981,0.14,4.0,True,0.645,0.10141745448528973
6931132,,,,,399229.0,True,0xb745EeDa2dB353a3E649A3774Fa759533CAf49F8,True,True,0.010111114036646848,0.14,4.0,True,0.645,0.06945491642558947
6941177,,,,,257581.0,True,0x207417bB9cab68286534543a1ABD697d25F71877,True,True,0.009211935110308874,0.16750912136237345,2.0,True,0.4162454393188133,0.06903821603369385
6944853,,,,,581858.0,True,0x68C994c7c7BAcd5588C81156Bb821139aB8A42d0,True,False,0.0910175401388912,0.14,4.0,True,0.645,0.10840721792904279
6950018,,,,,548755.0,True,0xc2E11bA3A515240Fc4D0f4a86B8BB79dF26f9F8c,False,True,0.011811836985364452,0.171759687395682,2.0,True,0.414120156302159,0.08675920230504425
6961611,,,,,598266.0,True,0x224a02dc5ADb3d2509dEe5b1190D75945D8442a1,True,True,0.001220618172791,0.14,2.0,True,0.43,0.04370443500444507
6962645,,,,,615886.0,True,0xa2DE30D3BF69d3fc6864eA4db92276B8378f67BF,True,False,0.036958803448230625,0.14,4.0,True,0.645,0.07645478587536199
6968709,,,,,526886.0,True,0x7486A3A5D5E744b2bC3D781f0CCe7Df196b3ED74,True,True,0.05318243152836347,0.14,4.0,True,0.645,0.055935329313300954
6971567,,,,,391180.0,True,0xe1510d078Df5aBd33eF403730b75c12a5c668D2E,True,True,0.011800874324679843,0.15,2.0,True,0.425,0.19545805000604097
6972646,,,,,399229.0,True,0xb745EeDa2dB353a3E649A3774Fa759533CAf49F8,True,True,0.09827737617345096,0.14,4.0,True,0.645,0.070563284048316
6980377,,,,,675876.0,True,0xe39d21C97B5AA55C9c11A968a76bd3B7bEc552e2,True,True,0.015805648190113725,0.14,4.0,True,0.645,0.045984208218292515
6984728,,,,,771914.0,True,0x75224e800636c3D397bADb4D7c544e09aDDd8E0A,False,True,0.02359127005801367,0.14636363636363636,3.2,True,0.586875,0.062336953697442105
6988319,,,,,440866.0,True,0x5280B7aD2aFF8872C4110A0EA2E919c616F55D19,True,True,0.018442337215319567,0.155,3.0,True,0.5633333333333334,0.0725545664025569
6996294,,,,,498032.0,True,0xDBef206584d2b84b625c7d78067aE977f8EE1A29,True,True,0.020182754808481303,0.15,2.0,True,0.425,0.28157195814772257
6996965,,,,,761306.0,True,0xc612Bda4A16C9DD2054E23e0bb5f16B8b073271D,True,True,0.04051124070322142,0.14,4.0,True,0.645,0.03680715767981323
7002069,,,,,290002.0,True,0x5280B7aD2aFF8872C4110A0EA2E919c616F55D19,True,True,0.0695896094553765,0.155,3.0,True,0.5633333333333334,0.05368504608586803
7004841,,,,,404775.0,True,0x5280B7aD2aFF8872C4110A0EA2E919c616F55D19,True,True,0.022444973017794873,0.155,3.0,True,0.5633333333333334,0.08169912168339677
7081736,,,,,607064.0,True,0x359B0ceb2daBcBB6588645de3B480c8203aa5b76,False,True,0.02230545647911944,0.14,4.0,True,0.645,0.06745597451442235
7082849,,,,,672270.0,True,0xb745EeDa2dB353a3E649A3774Fa759533CAf49F8,True,True,0.0414690480955283,0.14,4.0,True,0.645,0.029144331695008418
7083866,,,,,596023.0,True,0x78a47e8041f0F34b52dDfD55ed0d4Fc8c0435995,True,True,0.008853058654954553,0.14,4.0,True,0.645,0.04728149332629412
7084123,,,,,269455.0,True,0x5280B7aD2aFF8872C4110A0EA2E919c616F55D19,True,True,0.011444244807723755,0.155,3.0,True,0.5633333333333334,0.043667294269757954
7084343,,,,,774747.0,True,0xeA7126082a70c7DC463D2921D18e4658e52de4Ab,True,False,0.017237429565907236,0.14,4.0,True,0.645,0.03527345937221793
7084923,,,,,771915.0,True,0x75224e800636c3D397bADb4D7c544e09aDDd8E0A,False,True,0.02050508263432092,0.14636363636363636,3.2,True,0.586875,0.03218131042307874
7092799,,,,,677308.0,True,0xbC903584838678bEEc9902b744252822a6d546C2,True,True,0.07696028553096698,0.14,4.0,True,0.645,0.20013764905211515
7110156,,,,,758002.0,True,0xdBC41aEAeA480459386feeC0C575F7ca56e8FfF1,True,True,0.01421810433552503,0.14,4.0,True,0.645,0.1217508456682485
7110243,,,,,773710.0,True,0x5AED3d3382993e893491D8085f2AAB00Fc8A55ae,True,False,0.015755635420955816,0.14,3.0,True,0.5733333333333334,0.17276996309088263
7112358,,,,,647604.0,True,0x5AED3d3382993e893491D8085f2AAB00Fc8A55ae,True,False,0.006635338651780492,0.14,3.0,True,0.5733333333333334,0.07870525342229884
7114204,,,,,270743.0,True,0x8392181ccB399806218ea5F4C32d2dcd21d867D1,False,True,0.04191406217199324,0.1509090909090909,3.2,True,0.58375,0.08415656690818267
7114883,,,,,498032.0,True,0xDBef206584d2b84b625c7d78067aE977f8EE1A29,True,True,0.026173463719849677,0.15,2.0,True,0.425,0.0810279591829069
7117032,,,,,596020.0,True,0x78a47e8041f0F34b52dDfD55ed0d4Fc8c0435995,True,True,0.010804507272180313,0.14,4.0,True,0.645,0.18306756510969344
7119324,,,,,436172.0,True,0xF3a88FAE6Ffe731015FB53fB2fa193c9177f87E3,False,True,0.020374602721465445,0.15,2.0,True,0.425,0.060046020506595056
7122593,,,,,581858.0,True,0x68C994c7c7BAcd5588C81156Bb821139aB8A42d0,True,True,0.06918793472254761,0.14,4.0,True,0.645,0.07893836602024389
7123730,,,,,677308.0,True,0xbC903584838678bEEc9902b744252822a6d546C2,True,True,0.3481432413769371,0.14,4.0,True,0.645,29.879509990327715
7129987,,,,,289391.0,True,0x207417bB9cab68286534543a1ABD697d25F71877,True,True,0.03675722172923689,0.16750912136237345,2.0,True,0.4162454393188133,0.16718644362131554
7132997,,,,,296880.0,True,0x5945459c5201e21Ff409C9608600D0c0d5f91635,True,False,0.020185361779047308,0.14,4.0,True,0.645,0.10578085996426607
7136698,,,,,552644.0,True,0xc5D291607600044348E5014404cc18394BD1D57d,True,True,0.020424214232179713,0.15208333333333335,2.0,True,0.4239583333333333,0.09521510324905687
7137459,,,,,422448.0,True,0xb4560B49aed81FFa20A3e86fBF66ecbcae04fb22,True,True,0.014312735460384194,0.15,2.0,True,0.425,0.1373377237118147
7145426,,,,,773690.0,True,0xbefcF37A1a9658eAE00806Da72a85E971fc8f454,False,False,0.6113537543896277,0.14,4.0,True,0.645,0.054297336678790664
7145958,,,,,588491.0,True,0x5D55f5453619d9DF806f9a9Cb2986A919B4882D1,True,True,0.008808153447828175,0.14,4.0,True,0.645,0.055278998792088994
7149471,,,,,553493.0,True,0x7486A3A5D5E744b2bC3D781f0CCe7Df196b3ED74,True,True,0.0480347322099918,0.14,4.0,True,0.645,0.1259781347619307
7150127,,,,,763243.0,True,0xAc47224B08949a5F585FEEB8Dd45c71801716136,True,True,0.013308393655097632,0.14,4.0,True,0.645,0.4487006773634125
7151531,,,,,789706.0,True,0x693dd24191c062F8f453029162C64CB63E1F1027,True,True,0.011344432923673592,0.14,4.0,True,0.645,0.10229643727206104
7165163,,,,,436172.0,True,0xF3a88FAE6Ffe731015FB53fB2fa193c9177f87E3,False,True,0.017781946018902584,0.15,2.0,True,0.425,0.06439138926673502
7166437,,,,,573943.0,True,0x8387C8109b21b8cB463240d467C0E781771C62Fa,True,True,0.05371835146585801,0.14,4.0,True,0.645,0.11110286892665126
7171612,,,,,628989.0,True,0x2F8ef05D6AAAe98Af0D10Ef4Cec24750fb819Ce2,False,True,0.052534396236267926,0.14,4.0,True,0.645,0.14650441338354028
7177405,,,,,514309.0,True,0x4233A66cb9950eeef0FfFeF7488C6da562AEe855,False,True,0.0333042667332038,0.15,2.0,True,0.425,0.05266079330725499
7177927,,,,,773690.0,True,0xbefcF37A1a9658eAE00806Da72a85E971fc8f454,False,True,0.008268686423770603,0.14,4.0,True,0.645,0.07148259213850865
7182145,,,,,831957.0,True,0x4B7597C6D2DE8c9CF1A6468Cdd45Dd0044fA277e,True,True,0.03629987493027937,0.14,4.0,True,0.645,0.07540553371002802
7183597,,,,,586290.0,True,0x2b6fCa9AD7EBd5408dB009f0DF087Ffd934cF98e,True,True,0.007882548900748338,0.14,4.0,True,0.645,0.037671074278359515
7188790,,,,,586273.0,True,0x2b6fCa9AD7EBd5408dB009f0DF087Ffd934cF98e,True,True,0.014678466159925053,0.14,4.0,True,0.645,0.13007415051244822
7189101,,,,,716604.0,True,0x4334CdDDb5c8432fb0a6F4FFe09D96F0A3c74254,True,False,0.009537191658492962,0.14,2.0,True,0.43,0.052439125124482344
7193515,,,,,813867.0,True,0x0ccdDA6523B8BCAE8B3Ab407623EE073495C5ee0,True,True,0.008365005738814822,0.14057142857142857,3.6923076923076925,True,0.6266666666666667,0.06116567300900731
7194341,,,,,783696.0,True,0x104cd3fB79B0DFd538EF74eaDa94474E68206d3D,True,True,0.007233981073091265,0.14,4.0,True,0.645,0.06693605056193883
7199851,,,,,552644.0,True,0xc5D291607600044348E5014404cc18394BD1D57d,True,True,0.013698278143923366,0.15208333333333335,2.0,True,0.4239583333333333,0.04841085930284309
7200784,,,,,586273.0,True,0x2b6fCa9AD7EBd5408dB009f0DF087Ffd934cF98e,True,True,0.027101286519438876,0.14,4.0,True,0.645,0.10090882990881457
7202043,,,,,264081.0,True,0x24D2706C07ff041DB342Bd72343Fd79E06129802,True,True,0.06055655179154581,0.14,4.0,True,0.645,0.13531413074526166
7203244,,,,,832446.0,True,0x0ccdDA6523B8BCAE8B3Ab407623EE073495C5ee0,True,True,0.02070480962663921,0.14057142857142857,3.6923076923076925,True,0.6266666666666667,0.09450537916195663
7205818,,,,,586286.0,True,0x2b6fCa9AD7EBd5408dB009f0DF087Ffd934cF98e,True,True,0.01060686206620598,0.14,4.0,True,0.645,0.10564231147630893
7214258,,,,,832451.0,True,0x0ccdDA6523B8BCAE8B3Ab407623EE073495C5ee0,True,True,0.030677809724278752,0.14057142857142857,3.6923076923076925,True,0.6266666666666667,0.04337269032721538
7222436,,,,,609894.0,True,0xb2434A63ea229716BcEd8338bf177412d54618d5,True,True,0.013257592810656037,0.14,4.0,True,0.645,0.08838926866572512
7225414,,,,,847952.0,True,0x0DA9Fc7A5b959524638DFDA7bd1A29A2642Eba87,False,True,0.022119759892347695,0.14,4.0,True,0.645,0.041143676563783316
7226330,,,,,600142.0,True,0xc5DbFAf13F8B0BaC6DEF344FbbCFef06aC84eef9,False,False,0.010733610532572624,0.14,4.0,True,0.645,0.03270727385957966
7228937,,,,,776964.0,True,0x5fCd8fdF5864e2E414c6aa35D2bE0855d7C2143b,True,True,0.024902739881591748,0.14,3.0,True,0.5733333333333334,0.04653982934840609
7229833,,,,,780424.0,True,0x3Fd36E2b01Db453b3790f658A024B27028206F27,True,True,0.04507796177338707,0.14,4.0,True,0.645,0.14003987083211958
